par	mk+time+epoch	dmk+time+epoch	mk_new	dmk_new
eps1	-4.54881400542818E-05	4.604E-06	-3.73E-05	3.03E-06
eps2	5.37632171240823E-06	2.1983E-06	9.95E-06	2.3E-06
p0	0.028634888258994	2.4495E-14	0.028634888258635	2.76E-14
p1	1.5846689533091E-19	2.8388E-21	1.47E-19	2.12E-21
f	0.227596442643	4E-12	0.227596026342	5.65557E-07
tacs	53058.0499504372	1.2022E-05	53058.0499265668	1.09E-05
a1	9.83339974159875	6.6844E-06	9.83339377500382	9.88E-06
pb	2.11794252174292	4.3383E-09	2.11794253107653	3.95E-09
